Student_ID,Midterm_Marks_Int,Midterm_Marks_Floats,Quiz_1,Quiz_2,Lecture_Bonus,Lab_Bonus,Total_Marks
20191700001,12,,6,,,3,21
20191700002,,,,,,,0
20191700004,6,,2,5,,,13
20191700006,7,0.5,9.5,0,,,17
20191700012,10,,3,10,,,23
20191700016,0,0.5,5,12.5,,,18
20191700017,6,,1,10,,,17
20191700018,1,,4,0,,1.5,6.5
20191700024,1,0.5,3,0,,,4.5
20191700026,4,,1.5,12.5,,,18
20191700028,9,,5,0,,,14
20191700031,8,0.5,10,12.5,,,31
20191700033,9,0.5,6.5,13,,1.5,30.5
20191700036,12,,5,15,,,32
20191700037,7,0.75,3,0,,,10.75
20191700038,5,,3,,,,8
20191700044,13,,2,4,,,19
20191700045,13,0.5,10,10,,,33.5
20191700049,13,,7.5,2.5,,,23
20191700050,2,0.75,,,,,2.75
20191700053,11,0.75,4,2.5,,,18.25
20191700060,3,0.5,6.5,12.5,,,22.5
20191700065,14,0.5,4.5,11.5,,,30.5
20191700067,4,,4.5,15,,,23.5
20191700069,,,,,,,0
20191700070,13,0.5,6,14,,1.5,35
20191700071,3,0.75,4,11.5,,,19.25
20191700075,10,0.5,4,11.5,,,26
20191700076,4,,6,,,,10
20191700078,7,,10,10,,,27
20191700080,8,0.5,6,0,,,14.5
20191700082,3,,,0,,,3
20191700083,5,,,0,,,5
20191700090,12,0.5,7,9,,,28.5
20191700092,5,,2.5,0,,,7.5
20191700094,3,,4.5,0,,,7.5
20191700095,10,0.5,10,0,,,20.5
20191700102,3,,4.5,5,,,12.5
20191700104,14,0.5,10,7.5,,,32
20191700105,11,,8,15,,1.5,35.5
20191700106,15,0.5,5.5,2.5,,,23.5
20191700107,9,0.75,3,5,,,17.75
20191700110,4,,1,0,,1.5,6.5
20191700111,10,0.5,7.5,15,,1.5,34.5
20191700117,4,,9,0,,,13
20191700118,10,0.5,2.5,,,,13
20191700130,9,0.5,5,15,,,29.5
20191700136,12,,5.5,14,,1.5,33
20191700138,13,,6.5,11.5,,,31
20191700149,3,,4,0,,,7
20191700153,4,0.5,5.5,10,,1.5,21.5
20191700156,8,,2.5,9,,,19.5
20191700157,14,,5,15,,,34
20191700158,7,0.5,4.5,15,,1.5,28.5
20191700168,13,,9.5,10,2.5,,35
20191700170,8,,5,2.5,0.5,1.5,17.5
20191700172,15,0.5,6.5,10,2,,34
20191700173,,,,,,,0
20191700178,4,,,,,,4
20191700180,11,0.5,3,0,,,14.5
20191700182,6,,9,9,,,24
20191700184,11,0.5,5,6.5,,,23
20191700187,7,0.75,6,10,,,23.75
20191700188,7,,6,14,,1.5,28.5
20191700190,10,0.5,5,,,,15.5
20191700192,13,0.25,5.5,14,,1.5,34.25
20191700193,6,0.5,5.5,9,,,21
20191700199,6,,4.5,15,,1.5,27
20191700200,1,0.75,1,11.5,0.5,,14.75
20191700202,11,,2,5,,,18
20191700203,3,0.75,9,0,,,12.75
20191700204,2,,2,10,,,14
20191700205,12,0.5,3,0,,,15.5
20191700207,15,,9,11.5,,,35.5
20191700209,10,,1,6.5,,,17.5
20191700211,6,0.25,4.5,7.5,,,18.25
20191700214,14,0.5,2.5,0,,0.5,17.5
20191700217,9,0.75,7,6.5,,,23.25
20191700218,14,0.5,2,10,,,26.5
20191700219,5,,3.5,8,,,16.5
20191700220,4,0.5,5,14,,1.5,25
20191700222,14,0.5,4.5,,,,19
20191700223,10,0.75,9.5,4,,,24.25
20191700232,7,0.5,2,6.5,,,16
20191700235,6,0.75,5.5,9,,,21.25
20191700240,6,,7.5,7.5,,,21
20191700241,2,0.75,3.5,0,,,6.25
20191700246,11,,4,15,,,30
20191700257,4,0.5,2,0,,,6.5
20191700264,11,0.5,1,10.5,,,23
20191700267,7,,6,0,,,13
20191700270,3,0.75,2.5,,,,6.25
20191700274,9,,4,7.5,,,20.5
20191700280,9,0.75,10,4,,,23.75
20191700281,2,0.75,7,0,,1.5,11.25
20191700286,12,,6,15,,,33
20191700289,2,,5.5,5,,,12.5
20191700296,6,0.5,2,0,0.5,1.5,10.5
20191700305,4,,3,0,,1.5,8.5
20191700306,7,,4,5,,,16
20191700307,9,0.5,4,0,,,13.5
20191700311,7,0.5,0,10,0.5,1.5,19.5
20191700312,2,,5,14,,,21
20191700313,5,,5,0,,,10
20191700317,3,0.5,8,0,,1.5,13
20191700318,7,0.5,5,0,,,12.5
20191700322,,,,,,,0
20191700324,7,0.5,6.5,0,,,14
20191700325,16,,9.5,5,,,30.5
20191700327,16,,2,0,,,18
20191700328,11,0.5,7,10,,,28.5
20191700329,6,,3,10,0.5,1.5,21
20191700330,4,,9.5,0,1,1.5,16
20191700331,2,,3.5,0,,1.5,7
20191700333,3,,,0,,,3
20191700334,7,0.75,5,5,,,17.75
20191700335,4,,6.5,0,,,10.5
20191700337,5,,4.5,5,,,14.5
20191700338,10,0.5,5.5,5,,,21
20191700340,11,0.5,10,10,,,31.5
20191700345,8,,9,5,,,22
20191700347,6,0.5,2,0,,,8.5
20191700348,14,,8,0,,,22
20191700351,13,0.5,9,0,,,22.5
20191700352,6,0.5,9,0,,,15.5
20191700354,0,0.75,1,0,,,1.75
20191700355,5,,7,0,,,12
20191700356,,,,,,,0
20191700359,2,0.25,3,5,,0.5,10.75
20191700361,8,0.75,8.5,10,,,27.25
20191700362,4,0.5,7.5,11,,,23
20191700363,9,0.5,,0,,,9.5
20191700365,13,0.75,9.5,0,,,23.25
20191700367,8,,4.5,2.5,,,15
20191700368,6,0.5,2.5,5,,,14
20191700373,13,0.5,8,0,,,21.5
20191700380,4,0.5,3.5,5,,,13
20191700384,13,0.5,8.5,5,,,27
20191700388,12,0.5,8.5,0,,,21
20191700390,3,0.5,4,0,,,7.5
20191700391,9,0.5,4,5,,,18.5
20191700392,,,8,2.5,,,10.5
20191700393,9,,3.5,0,,,12.5
20191700395,3,,3,0,,,6
20191700396,4,0.5,3,5,,,12.5
20191700397,10,0.5,,5,,,15.5
20191700398,2,0.25,1,0,,,3.25
20191700399,7,,8,5,,1.5,21.5
20191700400,3,0.5,3.5,5,,,12
20191700401,7,0.5,,10,,,17.5
20191700406,13,,2,0,,1.5,16.5
20191700407,11,0.5,4,5,,,20.5
20191700416,13,0.5,4.5,0,,,18
20191700421,3,0.5,8.5,5,,,17
20191700424,8,,2,5,,0.5,15.5
20191700429,12,,1.5,10,,,23.5
20191700430,11,0.5,4,5,,,20.5
20191700442,8,,5,10,,1,24
20191700445,3,,0,0,,,3
20191700448,2,,,,,,2
20191700450,5,0.5,8,,,,13.5
20191700452,7,0.5,7,5,,,19.5
20191700459,7,0.5,3,0,,,10.5
20191700461,13,,3.5,5,,1.5,23
20191700466,11,,7.5,0,,,18.5
20191700470,14,,8.5,5,,,27.5
20191700475,6,0.5,5.5,5,,,17
20191700478,9,,6.5,6.5,,,22
20191700480,2,,1,,,,3
20191700481,4,,2,0,,,6
20191700483,7,,5.5,2.5,,1.5,16.5
20191700486,11,0.5,9,5,,,25.5
20191700492,5,0.5,2,2.5,,,10
20191700495,6,0.5,3,5,,0.5,15
20191700497,7,0.5,5,0,,,12.5
20191700500,9,,3.5,10,,,22.5
20191700502,3,,,0,,,3
20191700503,8,0.5,1,10,,1.5,21
20191700504,7,,8,0,,,15
20191700505,10,0.5,7.5,0,,,18
20191700508,11,0.5,7.5,15,2,1.5,37.5
20191700510,12,,6.5,7.5,,,26
20191700511,10,0.5,6.5,0,,,17
20191700513,2,,8,5,,,15
20191700514,10,,2.5,15,,,27.5
20191700517,14,0.5,8,15,,,37.5
20191700520,9,,3,0,,,12
20191700523,2,0.5,6,0,,,8.5
20191700525,5,,2,0,,,7
20191700526,14,,7.5,10,,,31.5
20191700527,5,,5,15,,,25
20191700528,3,,1,2.5,3.5,1.5,11.5
20191700529,13,,4.5,0,3,,20.5
20191700533,3,,4,0,,,7
20191700534,2,,1,7.5,,,10.5
20191700535,8,,8,,,,16
20191700538,3,,5,0,,,8
20191700541,8,,4,2.5,,1.5,16
20191700543,10,,4.5,12.5,,1.5,28.5
20191700545,1,,,0,,,1
20191700547,13,,3,,,1.5,17.5
20191700548,10,,5,10,,0.5,25.5
20191700556,6,,4.5,0,,,10.5
20191700558,6,,3,0,,,9
20191700561,8,,8,10,,,26
20191700562,8,0.75,,,,,8.75
20191700563,4,,6.5,15,,,25.5
20191700566,10,,10,12,,,32
20191700568,6,,6,0,,,12
20191700571,7,0.5,4.5,2.5,,,14.5
20191700572,4,,0,0,,0.5,4.5
20191700578,11,0.5,3.5,,,,15
20191700580,7,,3,2.5,,,12.5
20191700581,8,,6.5,5,1,1.5,22
20191700584,13,0.5,4,15,,,32.5
20191700589,,,7,10,,,17
20191700591,8,,3.5,,,,11.5
20191700592,14,,7.5,0,,,21.5
20191700593,6,,3.5,10,,,19.5
20191700594,10,,5,,,,15
20191700595,0,,,,,,0
20191700596,0,0.25,1,15,,,16.25
20191700598,11,,3.5,15,,1.5,31
20191700600,3,,3.5,0,,,6.5
20191700603,3,,6.5,2.5,,,12
20191700605,4,,4.5,0,,,8.5
20191700607,14,,3.5,10,,,27.5
20191700608,6,,6,10,,0.5,22.5
20191700611,12,,2,10,,,24
20191700613,13,,9,10,2.5,0.5,35
20191700615,9,0.5,4.5,10,,,24
20191700619,14,,9,10,,,33
20191700621,9,0.5,5.5,10,,,25
20191700626,11,,7,12.5,,,30.5
20191700630,9,0.5,6,15,1.5,,32
20191700636,11,,2,0,,,13
20191700642,13,,5,7.5,,1.5,27
20191700645,10,,5,15,,,30
20191700648,8,,4,0,,,12
20191700649,2,,1,9,,,12
20191700650,0,,,,,,0
20191700651,13,0.75,7.5,15,,,36.25
20191700654,6,0.5,1.5,0,,,8
20191700655,9,,2,,,,11
20191700659,9,,4.5,10,,0.5,24
20191700668,,,,,,,0
20191700669,2,,,,,,2
20191700678,8,,5.5,10.5,,,24
20191700681,4,,4.5,10,,,18.5
20191700686,9,,4,0,,,13
20191700690,3,0.5,1,0,,,4.5
20191700692,11,,4.5,6.5,,,22
20191700699,14,,7.5,14,,,35.5
20191700702,9,,,0,,,9
20191700710,3,,3,2.5,,,8.5
20191700711,4,0.5,,5,,,9.5
20191700713,7,,0,2.5,,,9.5
20191700715,8,,5,5,,,18
20191700721,6,,0,13,,,19
20191700724,6,0.5,3,14,,0.5,24
20191700725,13,0.5,6,10,,,29.5
20191700743,9,,7,10,,,26
20191700745,9,,2.5,10,,,21.5
20191700746,3,,5,0,,,8
20191700748,13,,5.5,13,,,31.5
20191700749,11,,10,9,,,30
20191700751,1,0.25,,,,,1.25
20191700752,11,,3,5,,,19
20191700755,14,,2,10,,,26
20191700756,,,,,,,0
20191700758,7,0.5,3,6.5,,1,18
20191700764,14,,3.5,15,,,32.5
20191700765,13,,6.5,6.5,,,26
20191700772,14,,6,13,,,33
20191700777,12,,9,2.5,,,23.5
20191700779,4,,4,10,,,18
20191700782,1,,,0,,,1
20191700783,6,0.5,2,0,,,8.5
20191700788,3,,2,0,,,5
20191700793,13,,4.5,0,,,17.5
20191700794,12,,5.5,5,,,22.5
20191700805,,,,,,,0
20191700810,6,,5,5,,1.5,17.5
20191700814,10,,9.5,11,,,30.5
20191700815,2,,7,10,,,19
20191700816,14,,2,0,,,16
20191700817,12,,10,10,,,32
20191700823,7,0.5,5,,0.5,1.5,14.5
20191700831,6,0.25,5,0,2,,13.25
20191700836,14,,7,5,,,26
20191700837,9,,2,0,,,11
20191700851,7,0.5,5,9,,,21.5
20191700852,9,0.5,3,7.5,,1.5,21.5
20201701230,13,,2,2.5,,,17.5
20201700411,10,0.5,9.5,15,,,35
20201700313,4,,3.5,,,,7.5
20201701007,7,0.5,9.5,0,,,17
20201700579,12,,10,5,,,27
20201701208,2,,1,0,,,3
20201700639,,,,,,,0
20201700507,13,0.5,9.5,10,,,33
20201700935,10,,1,6.5,,,17.5
20201700336,14,,9,10,1,0.5,34.5
20201700339,8,,3.5,8.5,,,20
20201700165,15,,7.5,15,1,1.5,40
20201700991,11,0.5,5,10,,,26.5
20201700317,9,,4.5,2.5,,,16
20201700322,14,,6,0,0.5,1.5,22
20201700698,0,,1,7.5,,,8.5
20201701018,16,,8,10,1.75,1.5,37.25
20201700364,1,0.25,3.5,15,,,19.75
20201700065,10,,5.5,5,,,20.5
20201700190,10,0.5,3,5,,,18.5
20201700813,13,0.5,5,14,,,32.5
20201700036,8,,4,0,,,12
20201701056,8,0.5,3.5,15,,,27
20201701239,7,0.5,3,15,,,25.5
20201700662,4,,1.5,2,,,7.5
20201700382,5,,6,0,,0.5,11.5
20201700983,4,,4.5,0,,1.5,10
20201700527,6,0.5,9,10,,,25.5
20201700645,7,0.5,3.5,2.5,,0.5,14
20201700985,11,,4.5,2.5,0.5,,18.5
20201701017,13,,3,9,,1.5,26.5
20201700204,3,,3,0,,,6
20201700944,11,0.5,3.5,10,,,25
20201700647,5,0.5,6,10,,,21.5
20201701042,2,0.5,5.5,5,,,13
20201701009,14,,4,9,,,27
20201700703,11,,4.5,0,,,15.5
20201700960,11,,3,15,,,29
20201700108,3,0.25,5,5,,,13.25
20201700637,5,,4,0,,,9
20201700432,5,,3,0,,,8
20201700894,12,,4.5,15,,,31.5
20201700733,13,,10,14.5,,,37.5
20201700677,12,,4.5,10,,,26.5
20201700255,12,0.5,4,7.5,,,24
20201700168,11,0.75,9.5,1,,,22.25
20201700753,6,0.5,2.5,2.5,,,11.5
20201700454,5,0.5,5,6.5,,,17
20201700953,6,,2,2.5,,,10.5
20201701032,9,0.5,5,10,,,24.5
20201700459,9,,8.5,0,,,17.5
20201700665,5,,9,5,0.5,,19.5
20201700863,10,,6.5,7.5,,,24
20201700906,11,0.5,8.5,10,,,30
20201700729,7,0.5,9.5,0,,,17
20201700721,6,,6,5,,,17
20201701029,7,,5,6.5,,,18.5
20201700817,6,,3.5,0,,,9.5
20201700229,8,,4,0,,,12
20201701023,12,,6,15,,3,36
20201700444,5,,9.5,2.5,,,17
20201700848,8,,,,,,8
20201700622,3,0.5,5.5,5,,1.5,15.5
20201700732,10,,7,7.5,,,24.5
20201700118,6,,5.5,5,,,16.5
20201700566,3,,3.5,0,,,6.5
20201700041,12,0.5,9,0,,,21.5
20201700650,8,0.5,8,5,,1.5,23
20201700429,8,,5.5,0,,,13.5
20201700463,9,,8,0,,,17
20201700059,10,,9.5,4,,,23.5
20201701141,6,,3,5,,,14
20201701140,0,,,,,,0
20201701226,13,0.5,6,13,,1.5,34
20201700811,12,0.5,8,15,,,35.5
20201701192,10,,4.5,10,,,24.5
20201700587,13,,5.5,5,,,23.5
20201700305,16,,5.5,7,,,28.5
20201700528,9,,4.5,0,,,13.5
20201700378,10,,7,7.5,,,24.5
20201700632,13,0.5,5.5,5,,1.5,25.5
20201700544,13,0.5,3.5,13,,,30
20201700674,14,0.5,8,15,,1.5,39
20201700790,9,,6.5,6,,,21.5
20201700806,5,,5,5,,,15
20201700508,10,0.5,10,5,,,25.5
20201701114,15,,10,5,,,30
20201701201,9,0.5,4,9,,0.5,23
20201700630,12,0.5,4.5,15,0.5,1.5,34
20201700092,6,0.25,5,0,,,11.25
20201700535,9,,3,0,,0.5,12.5
20201700456,14,,6,11.5,,,31.5
20201700116,15,0.5,7,15,,,37.5
20201700696,11,,9.5,15,,1.5,37
20201701026,9,0.5,8,15,,,32.5
20201700408,9,,3.5,12.5,,1.5,26.5
20201700075,13,0.5,3.5,5,,0.5,22.5
20201700320,12,0.5,2.5,7.5,,,22.5
20201700977,10,,6.5,5,,,21.5
20201700360,9,0.75,3,10.5,,0.5,23.75
20201700233,11,0.5,4,5,,,20.5
20201700467,13,0.5,9,10,,,32.5
20201700814,15,0.5,4.5,10,,1.5,31.5
20201700136,14,0.5,2,15,,1.5,33
20201700030,15,,4.5,10,,,29.5
20201700361,5,0.5,3.5,0,,,9
20201700267,9,0.75,10,5,,1.5,26.25
20201700124,13,0.5,9.5,9,,,32
20201700393,15,,4,15,,,34
20201700598,13,0.5,5.5,10,,,29
20201700287,14,,9,10,,0.5,33.5
20201700077,2,0.25,3,4.5,,,9.75
20201700117,9,,5,0,,,14
20201700171,4,0.75,4,7.5,,1.5,17.75
20201700236,9,0.25,9,10,,,28.25
20201700619,12,0.5,10,15,,,37.5
20201700680,9,0.5,4.5,5,,,19
20201700183,5,,6,0,,,11
20201700266,13,,4,0,,,17
20201700066,8,0.5,6.5,5,,,20
20201700627,8,,5.5,13,,,26.5
20201700358,7,0.5,3,2.5,,,13
20201700099,16,,10,5,,0.5,31.5
20201700212,15,,6,15,,,36
20201700221,15,,8.5,10,,,33.5
20201700827,14,,8,15,,,37
20201700641,14,,7,5,,,26
20201700347,14,,3.5,10,,,27.5
20201700555,12,0.5,7,0,,,19.5
20201700659,12,0.5,5,12.5,,,30
20201700153,14,0.5,8.5,4,,1.5,28.5
20201700589,14,,10,5,,,29
20201700594,13,0.5,7.5,5,,,26
20201700425,11,,9.5,10,,,30.5
20201700329,2,,4,10,,,16
20201701163,13,,9.5,14,,,36.5
20201700988,7,,4.5,14,,,25.5
20201700809,15,0.5,9,10,,,34.5
20201700354,9,,3,2.5,,1.5,16
20201700876,11,0.5,3.5,15,,1.5,31.5
20201700288,6,0.5,5,7.5,0.5,1.5,21
20201700022,14,,1.5,10,,,25.5
20201700011,2,0.25,5,0,,0.5,7.75
20201700312,11,0.5,5,0,,,16.5
20201700394,4,0.5,9.5,0,,0.5,14.5
20201700353,8,0.75,5,9,,,22.75
20201700062,8,0.5,2,0,,,10.5
20201700342,15,,5.5,4,1,,25.5
20201701027,11,,6,10,,,27
20201700915,8,0.5,6,5,,,19.5
20201701269,9,,8,9,,,26
20201701038,14,,10,10,,,34
20201700090,4,,2.5,0,,,6.5
20201701118,13,0.5,7.5,10,,,31
20201701160,12,0.5,5,9,,,26.5
20201700331,7,0.75,5.5,12.5,,,25.75
20201700203,16,,8,10,0.5,,34.5
20201700192,3,,0,0,,,3
20201700857,8,,3.5,6.5,,,18
20201700974,13,,5,9,,0.5,27.5
20201700159,4,0.5,3,10,,,17.5
20201700443,6,0.5,7,5,,,18.5
20201700466,12,0.5,1,0,,1.5,15
20201700390,,,4.5,12.5,,0.5,17.5
20201700161,12,0.5,9,10,,1.5,33
20201700550,10,0.75,3.5,0,,1.5,15.75
20201700277,15,,4.5,0,,,19.5
20201700441,6,,9.5,15,,,30.5
20201700097,9,0.5,5.5,0,,1.5,16.5
20201700516,5,0.5,8,10,,,23.5
20201700284,15,,9.5,10,,0.5,35
20201701030,9,,2,7.5,,,18.5
20201700559,7,,3,5,,,15
20201700216,15,,5.5,0,,,20.5
20201700234,2,0.75,6.5,2.5,,,11.75
20201700823,14,,3.5,6.5,,,24
20201701224,2,,1.5,,,,3.5
20201700218,9,,3.5,0,,,12.5
20201700276,10,0.75,6,5,,,21.75
20201700213,6,0.5,3,0,,,9.5
20201701025,10,,4,2.5,,,16.5
20201700028,6,0.5,10,5,,,21.5
20201700676,10,,6,0,,,16
20201700712,3,,6.5,15,,3,27.5
20201700547,13,,5,0,,,18
20201700902,14,,7.5,15,,1.5,38
20201700384,6,0.5,2,9,,,17.5
20201700505,12,,6,10,,,28
20201700296,7,0.5,2,5,0.5,,15
20201700706,14,,5.5,10,,1.5,31
20201700447,9,,4,5,3,1.5,22.5
20201701168,8,0.5,2.5,4,,,15
20201701079,15,,6,10,,1.5,32.5
20201701019,7,,5.5,9,,,21.5
20201700591,13,,1.5,12.5,0.5,,27.5
20201701219,13,0.5,9,15,,,37.5
20201700283,10,,8.5,0,,,18.5
20201700389,16,,4.5,10,,,30.5
20201700121,12,0.5,6,0,,1.5,20
20201700678,2,0.5,8,0,,,10.5
20201700789,14,,6.5,8,,,28.5
20201700534,13,0.5,7,0,,1.5,22
20201700240,15,,9.5,10,,1.5,36
20201700436,9,0.5,6,2.5,0.5,,18.5
20201700593,13,0.5,9,5,,,27.5
20201700601,11,0.5,4,15,,,30.5
20201700323,7,,4,12.5,,,23.5
20201700367,15,0.5,6.5,10,,,32
20201700195,11,0.25,2.5,9,0.5,,23.25
20201701237,8,0.5,10,0,,,18.5
20201700551,15,0.5,4,10,,,29.5
20201700310,13,,4,0,,,17
20201700992,8,,4.5,9,,,21.5
20201700892,13,0.5,3.5,9,,,26
20201700437,3,,4,2.5,,,9.5
20201700002,0,,,0,,,0
20201700560,9,,6,0,,,15
20201700638,8,0.5,3,15,,,26.5
20201700224,8,,3,15,,,26
20201700858,11,,7.5,10,,,28.5
20201700461,5,0.75,,,,,5.75
20201700434,12,0.5,9.5,9,,,31
20201701004,2,0.5,2.5,2.5,,,7.5
20201700076,4,0.5,7,0,,,11.5
20201701107,11,0.25,9.5,15,,,35.75
20201700446,10,,5,0,3,1.5,19.5
20201700561,9,,2.5,5,,,16.5
20201700596,14,,6,5,,1.5,26.5
20201700636,13,0.5,10,15,,,38.5
20201700952,11,,6.5,9,,0.5,27
20201700739,11,0.5,9,7.5,,1.5,29.5
20201700295,15,,5,6,,,26
20201700194,9,,10,5,,,24
20201700832,9,,0.5,6.5,,,16
20201700433,1,0.5,9.5,9,,,20
20201701146,12,,6.5,2.5,,0.5,21.5
20201700237,11,,3,5,,,19
20201700690,0,,,0,,,0
20201700272,14,0.75,6.5,10,,1.5,32.75
20201700747,12,,6.5,15,,,33.5
20201700089,4,,9,2.5,,,15.5
20201701209,8,,5.5,4,,1.5,19
20201700883,12,0.5,6,4,,,22.5
20201700644,12,,5,10,,1.5,28.5
20201700369,13,,5.5,10,0.5,0.5,29.5
20201700599,2,,,0,,,2
20201700741,7,,6,2.5,,1.5,17
20201700442,4,,4,5,,,13
20201700278,13,0.5,5.5,0,,,19
20201700836,13,0.5,7,15,,,35.5
20201700246,10,,4,10.5,,,24.5
20201700319,12,,5,5,,,22
20201700700,9,,9.5,10,,,28.5
20201700162,12,,7.5,5,,,24.5
20201700335,3,,5.5,2.5,,,11
20201700226,6,,2.5,7,,1.5,17
20201700452,16,,5,10,,,31
20201701179,5,,1.5,4,,1.5,12
20201700875,5,,4,10.5,,,19.5
20201701199,10,,4.5,15,,,29.5
20201700726,10,,3.5,0,,,13.5
20201701070,9,0.5,7,10,,,26.5
20201700951,12,,5,10,,,27
20201700219,7,0.5,4.5,,,,12
20201700428,6,0.5,4.5,2.5,,,13.5
20201700445,7,,4.5,10,,,21.5
20201701039,8,,6,13,,1.5,28.5
20201700080,4,,1,0,,,5
20201700357,14,0.5,7.5,10,,1.5,33.5
20201700782,7,,6,9,,3,25
20201700285,11,,7,0,,,18
20201700101,9,0.5,7,5,,,21.5
20201700529,8,0.5,3.5,5,,,17
20201700567,1,,3,10,,1.5,15.5
20201700808,14,0.5,7.5,0,,,22
20201700766,6,,6.5,14,,,26.5
20201700661,7,,3.5,0,,,10.5
20201700309,13,,4.5,15,0.5,1.5,34.5
20201700084,10,,4,5,,1.5,20.5
20201701089,12,,6,10,1,,29
20201700007,6,0.5,6.5,0,,,13
20201700688,5,,6,13,,,24
20201700577,13,,5.5,10,,3,31.5
20201700800,15,,9.5,2.5,,,27
20201700014,10,,3,15,,,28
20201700052,8,,4,15,,,27
20201700536,7,0.5,6.5,5,,,19
20201700545,11,0.5,4,0,,,15.5
20201700440,6,0.5,4,9,,,19.5
20201700401,14,0.5,3.5,10,,,28
20201700961,14,0.5,7,10,,1.5,33
20201700506,8,0.5,7,5,,,20.5
20201700907,13,0.5,9,15,,1.5,39
20201700001,13,0.5,3,2.5,,0.5,19.5
20201700431,7,,3,12.5,,,22.5
20201700673,10,,9.5,2.5,,,22
20201700899,7,,6.5,0,,1.5,15
20201700450,10,0.5,5,5,,,20.5
20201700794,14,0.5,10,15,,,39.5
20201700130,7,0.5,4.5,0,,1.5,13.5
20201701002,12,0.5,3.5,10,,,26
20201700206,5,,4.5,10,,1.5,21
20201700045,5,0.5,5,0,,0.5,11
20201700779,12,,9.5,2.5,,,24
20201700815,14,,3,15,,,32
20201700660,1,,5,0,,,6
20201700613,7,,7.5,5,0.5,,20
20201700039,8,,9,15,,,32
20201700771,11,,5,12.5,,1.5,30
20201700802,11,,8.5,9.5,,,29
20201701036,7,,5,9,,,21
20201700767,5,,5.5,7.5,,,18
20201700562,6,0.5,3,0,,0.5,10
20201701218,9,0.5,7,11.5,,,28
20201700265,9,0.5,4,5,,0.5,19
20201700776,7,,3.5,10,,,20.5
20201700299,2,0.25,2,5,,,9.25
20201700998,11,,8.5,0,,,19.5
20201700464,2,,1,15,,,18
20201700697,14,,5,5,,1.5,25.5
20201700274,10,0.5,4,15,,1.5,31
20201700512,13,,9.5,13,,,35.5
20201700029,5,,1,15,,,21
20201700704,3,,0.5,0,,,3.5
20201700595,13,,6,5,,,24
20201700169,3,0.5,3,0,,,6.5
20201700105,4,,3,0,,,7
20201700615,2,,3.5,,,,5.5
20201700854,8,,5,15,,1.5,29.5
20201701182,13,,5,5,,0.5,23.5
20201700318,7,,2.5,10,,,19.5
20201700920,9,,6,0,,,15
20201700334,13,,8,5,,,26
20201700884,10,,7.5,8,,,25.5
20201700273,16,,5,12.5,,,33.5
20201700398,6,,10,10,1,0.5,27.5
20201700743,13,0.5,5,10,,,28.5
20201700592,13,0.5,5.5,5,,,24
20201700642,12,0.5,5.5,5,,,23
20201700840,11,,9,10,,,30
20201700420,12,,5,8,,,25
20201700581,13,0.5,8,5,,0.5,27
20201700769,7,,2,0,,,9
20201700614,9,0.5,8.5,0,,1.5,19.5
20201700363,10,,3.5,0,,,13.5
20201700330,12,0.75,3,5,0.5,0.5,21.75
20201700344,5,0.25,3.5,8,,,16.75
20201700129,7,,0.5,0,,,7.5
20201700302,8,0.5,5.5,10,,,24
20201701162,16,,10,5,,,31
20201700158,4,,4,0,,,8
20201700253,5,,5,10,,,20
20201700458,8,,5,5,,,18
20201701020,10,,5,10,,1.5,26.5
20201700850,13,0.5,5.5,10,,3,32
20201700870,13,,7.5,13,,,33.5
20201700862,10,,9,5,,,24
20201700584,13,,4.5,10,,,27.5
20201701000,6,,7,2.5,,1.5,17
20201700656,13,,3.5,15,,,31.5
20201700280,16,,7.5,5,,,28.5
20201700349,5,0.5,8,8,,1,22.5
20201701198,12,,2.5,10,,,24.5
20201700245,5,0.75,3,0,,,8.75
20201700258,15,,5,10,,,30
20201700893,11,,,,,,11
20201701216,8,0.5,7,11.5,,,27
20201700658,7,0.5,4,13,0.5,,25
20201700196,3,,,0,,,3
20201700841,14,0.5,7.5,15,,,37
20201700457,7,,7,10,,1.5,25.5
20201701063,11,,6,5,,1.5,23.5
20201700150,4,,5,15,,,24
20201700453,13,0.5,2,5,,,20.5
20201700448,7,0.5,4.5,6.5,,,18.5
20201700797,7,,1.5,5,,,13.5
20201700785,11,,5.5,15,,1.5,33
20201700799,6,0.5,5,12.5,,,24
20201700181,11,,9,0,,0.5,20.5
20201700197,2,0.25,3.5,0,,,5.75
20201700166,7,0.5,5,0,,,12.5
20201700616,6,0.5,5,0,,,11.5
20201700533,11,0.5,3.5,10,,,25
20201700692,7,,0,5,,,12
20201701058,4,0.75,1,15,,,20.75
20201700180,14,0.5,5,0,,,19.5
20201700072,15,,8.5,15,,,38.5
20201700558,8,,3.5,5,,,16.5
20201700435,10,0.5,4.5,10,,,25
20201700761,12,,10,10,,,32
20201700054,9,,10,0,,,19
20201701037,6,,3,0,,,9
20201700263,10,0.25,4.5,5,,,19.75
20201700031,12,,9.5,0,,,21.5
20201700886,14,,9,6.5,,,29.5
20201700775,8,,7.5,15,,1.5,32
20201700380,7,,4,0,,,11
20201700669,10,0.5,9.5,0,,,20
20201700073,13,,10,10,,,33
20201700032,3,0.5,5.5,0,1,,10
20201701033,14,,6,6.5,,,26.5
20201700488,15,,5,0,,,20
20201700068,11,0.5,9.5,0,,,21
20201700740,12,,8.5,15,,,35.5
20201700486,14,0.5,4.5,5,,,24
20201700020,11,0.5,4.5,0,,,16
20201700847,2,,6,,,,8
20201700968,9,,4,15,,,28
20201700211,9,0.25,5.5,10,,,24.75
20201700107,12,0.5,5.5,10,,,28
20201700675,11,0.5,9.5,15,,1.5,37.5
20201700643,9,0.5,0,0,,,9.5
20201700628,9,0.5,5,5,,,19.5
20201700404,3,,,0,,,3
20201700634,15,,9.5,5,,,29.5
20201700115,16,,7.5,6.5,,1.5,31.5
20201700966,13,,7,5,,,25
20201700583,12,0.5,9,5,,,26.5
20201700849,13,0.5,7,13,,1.5,35
20201701003,13,,5.5,8,,,26.5
20201700720,11,,3,0,,,14
20201700178,8,,3,,,,11
20201700304,10,0.5,4,5,,1.5,21
20201700548,11,0.5,5.5,10,,,27
20201700321,15,,7,15,,,37
20201700538,14,0.5,5,15,,,34.5
20201700421,16,,,15,,1.5,32.5
20201700494,10,0.5,8,10,,0.5,29
20201700925,10,0.5,1,5,,,16.5
20201700936,7,,8,15,,,30
20201700477,7,0.5,,0,,,7.5
20201700524,8,0.5,,5,,,13.5
20201700530,6,0.5,4,5,,1.5,17
20201700222,15,,5,10,,,30
20201700405,13,0.5,7,5,,1.5,27
20201700501,11,0.5,3.5,5,,,20
20201700586,13,0.5,9,5,,,27.5
20201700835,14,,5.5,11.5,,,31
20201700904,15,,8,15,1,1.5,40.5
20201700279,15,,4,10,,,29
20201700261,7,0.5,9.5,15,,,32
20201700371,11,0.5,4.5,0,,,16
20201701223,10,,9,9,,,28
20201700098,9,0.5,6.5,5,,1.5,22.5
20201700470,1,,6,5,,1.5,13.5
20201700542,8,0.5,5,5,,,18.5
20201700175,16,,4,5,,1.5,26.5
20201700880,11,,7.5,0,,1.5,20
20201701051,16,,10,14,,,40
20201700946,7,0.5,4,14,,1.5,27
20201700475,15,,8.5,0,,1.5,25
20201700104,14,,1,15,,0.5,30.5
20201700474,12,0.75,8,10,,,30.75
20201700487,8,0.5,5.5,0,,,14
20201700552,14,,5,5,,,24
20201700597,12,0.5,6,0,,,18.5
20201700976,12,,5,9,,,26
20201700496,6,,4.5,13,,,23.5
20201701215,0,,3,0,,,3
20201700742,11,,2,9.5,,,22.5
20201700871,10,0.5,6,0,,,16.5
20201700758,10,,7.5,10,,,27.5
20201700972,9,,5.5,6.5,,,21
20201700865,7,,8,14,,,29
20201700578,3,,3,15,,,21
20201700241,11,0.5,3,0,,,14.5
20201700537,13,,7.5,0,,1.5,22
20201700058,12,0.5,3.5,0,,,16
20201701014,15,,8.5,6.5,0.5,,30.5
20201700047,13,0.5,7,15,0.5,,36
20201700271,15,0.5,5,7.5,,,28
20201700994,6,,3.5,5,,1.5,16
20201700087,8,,1,0,,,9
20201700687,2,,7,0,,,9
20201700749,14,,3.5,15,,1.5,34
20201700748,0,,1.5,0,,,1.5
20201700311,6,0.75,7.5,2.5,,1,17.75
20201700655,6,,4,5,,,15
20201700612,3,0.5,2.5,5,,,11
20201700715,4,,4,0,0.5,,8.5
20201700803,12,0.5,8.5,11.5,,,32.5
20201700013,10,0.5,7,0,,,17.5
20201700067,4,0.5,1.5,0,,,6
20201700760,2,,0,0,,,2
20201700922,13,0.5,5,10,,,28.5
20201700500,7,,5.5,10,,,22.5
20201700024,6,0.75,5.5,10,,1.5,23.75
20201700125,7,,7,5,,,19
20201700051,5,0.5,,0,,,5.5
20201700940,13,,6,15,,1.5,35.5
20201700990,15,,9,10,,1.5,35.5
20201700375,10,,5,0,,,15
20201700626,13,,8.5,15,,,36.5
20201700223,7,0.5,8,2.5,,,18
20201701251,1,,2,0,,,3
20201700746,2,0.5,3.5,0,,1.5,7.5
20201700413,4,,8,10,,1.5,23.5
20201701103,4,0.75,5.5,0,,,10.25
20201700727,7,0.5,0.5,0,,,8
20201700210,9,,6,0,,,15
20201701259,14,,8,15,,1.5,38.5
20201700149,15,,6,0,,,21
20201700717,7,,1.5,2.5,,,11
20201700294,6,,5,5,,,16
20201700112,8,,3,5,,,16
20201700731,13,0.5,4,12.5,,,30
20201700934,13,0.5,10,10,,,33.5
20201700250,11,,4,8,,,23
20201701120,3,0.5,5,12.5,,1,22
20201700430,0,,5.5,0,2,1.5,9
20201700415,5,0.5,7,9,,,21.5
20201700333,14,,8,5,,,27
20201700989,13,,9,10,0.5,1.5,34
20201700462,15,0.5,7.5,11.5,,,34.5
20201700300,10,,7,15,,1.5,33.5
20201700356,14,,7,15,,,36
20201700091,12,0.5,4,10,,1.5,28
20201700509,11,,5,0,,,16
20201700355,15,,3.5,10,1,1.5,31
20201701263,13,0.5,4.5,15,,,33
20201700909,13,0.5,7,15,,,35.5
20201700231,11,0.5,5,5,,,21.5
20201700386,7,,4.5,10,,,21.5
20201700898,11,,2,7.5,,1.5,22
20201700200,14,0.5,8.5,0,,0.5,23.5
20201700385,7,,3,0,,,10
20201700217,10,,4.5,5,,,19.5
20201700102,4,0.5,5,4,,,13.5
20201700179,3,,5,11.5,,,19.5
20201700056,8,,5,0,,,13
20201700094,10,0.5,4,0,,1.5,16
20201700391,5,,3,0,,,8
20201700469,4,0.5,4.5,0,,1.5,10.5
20201700623,9,,4.5,0,,,13.5
20201700804,12,,5.5,7.5,,,25
20201700383,1,,2.5,10,,,13.5
20201700403,7,,9.5,10,,1.5,28
20201700490,12,0.5,6,0,,,18.5
20201700519,15,,5.5,0,,,20.5
20201701104,13,,8.5,5,1,,27.5
20201700503,4,0.5,2.5,5,,1.5,13.5
20201700103,12,,4.5,0,,,16.5
20201700888,14,,7,10,,,31
20201700995,5,0.5,4.5,9,,,19
20201700157,7,0.75,4,0,,1.5,13.25
20201700774,8,,5,0,,1.5,14.5
20201700396,13,0.5,6,0,,,19.5
20201700933,5,,3,15,,,23
20201700585,15,,10,5,1,,31
20201700895,10,0.5,5.5,9,,,25
20201700517,13,,5,10,,,28
20201700315,12,,8.5,5,,1,26.5
20201700824,15,,7,10,,1.5,33.5
20201700543,7,,3,10,,,20
20201701006,7,,6,9,,,22
20201700113,9,,5.5,0,,,14.5
20201700950,11,,9,15,,1.5,36.5
20201700409,6,,4,2.5,2,0.5,15
20201700083,15,,7.5,10,,,32.5
20201700244,16,,9,10,,,35
20201700927,10,0.5,9,5.5,,,25
20201700670,9,,3.5,15,,,27.5
20201701148,5,0.5,2,10,,1.5,19
20201701049,5,0.75,2.5,0,,,8.25
20201701011,12,,3.5,5,,,20.5
20201700242,4,,6,10,,1.5,21.5
20201700891,14,,6.5,2.5,,,23
20201700629,13,0.5,10,,1,0.5,25
20201700664,0,,2,,,,2
20201700478,14,,7,5,,1.5,27.5
20201700861,12,,5,15,0.5,,32.5
20201700410,7,0.5,7.5,9,,1.5,25.5
20201700730,13,,5.5,14.5,,,33
20201700148,8,0.5,4,5,,,17.5
20201700852,12,,6,15,,,33
20201701149,13,0.5,2.5,9,,0.5,25.5
20201700877,14,,5,6.5,,,25.5
20201700604,12,0.5,6,0,,,18.5
20201700689,8,,6.5,0,0.5,,15
20201700491,11,0.5,6,5,,,22.5
20201700306,10,0.25,4,5,,1.5,20.75
20201700010,4,,3,5,,,12
20201700762,7,0.5,6,0,,,13.5
20201700719,8,,8.5,12.5,,1.5,30.5
20201700793,8,0.5,6.5,12.5,,,27.5
20201701191,8,0.5,6.5,5,,,20
20201700724,9,0.5,7,11.5,,,28
20201701055,5,0.5,4,15,,,24.5
20201701135,7,,3.5,12.5,,3,26
20201700351,16,,6.5,9,,,31.5
20201700897,14,,5.5,9,,,28.5
20201700795,0,,5,5,,,10
20201700053,6,0.5,1,,,,7.5
20201700472,2,0.75,2,0,,,4.75
20201700868,12,0.5,7.5,7.5,,,27.5
20201700021,6,0.75,2,0,,,8.75
20201700256,9,,5,5,,,19
20201701147,12,0.5,7.5,14,,0.5,34.5
20201700140,11,0.5,4,0,,,15.5
20201700160,10,0.5,9.5,0,2,0.5,22.5
20201700580,5,,2.5,5,,1.5,14
20201700215,5,,6.5,,,,11.5
20201701115,8,0.5,3,5,,,16.5
20201700654,9,0.5,6.5,10,,,26
20201700483,3,0.75,6.5,0,,,10.25
20201700374,10,0.5,6,2.5,,,19
20201700993,3,,2,,,,5
20201700683,9,0.5,10,0,,,19.5
20201701034,13,,9,15,,,37
20201700227,9,0.5,7.5,15,,,32
20201700063,3,0.75,2,0,,,5.75
20201701001,12,,7.5,15,,1.5,36
20201700193,4,,4,0,,,8
20201700326,8,,8,0,,,16
20201700324,10,,7,10,,,27
20201700257,1,0.75,3,2.5,,,7.25
20201700684,13,0.5,5,0,,,18.5
20201700142,9,0.5,9,15,2,1.5,37
20201701194,10,,10,10,,,30
20201700903,11,0.5,5,9,,,25.5
20201700708,4,,7.5,0,,,11.5
20201700069,6,,5,0,,,11
20201701156,4,,2,4,,,10
20201700489,13,,3.5,5,,,21.5
20201700531,8,,1.5,0,,,9.5
20201700225,,,,,,,0
20201700025,13,0.5,6,5,,,24.5
20201700859,3,,3.5,,,,6.5
20201700837,11,0.5,1.5,14,,,27
20201700209,13,,4.5,5,,,22.5
20201701010,4,0.5,3.5,10,1.5,,19.5
20201700964,9,,5,13,,,27
20201700699,2,,3,,,,5
20201701161,4,,3.5,9.5,,,17
20201701129,4,,4.5,5,,,13.5
20201700163,13,,9.5,5,,,27.5
20201700997,13,0.5,5,10,,,28.5
20201700652,12,0.5,9.5,15,,,37
20201700663,8,0.5,0.5,7.5,,,16.5
20201700027,3,,3.5,0,,,6.5
20201700152,10,0.5,2,10,,,22.5
20201700044,10,,5.5,0,,,15.5
20201701217,12,,4,6.5,,,22.5
20201700905,10,,4,15,,,29
20201700123,8,,4,0,,,12
20201700668,8,0.5,4,10,,1.5,24
20201700856,1,,4,15,,1.5,21.5
20201700186,15,,2,15,0.5,,32.5
20201700948,14,,2,15,,,31
20201700167,9,,7.5,0,0.5,,17
20201700254,8,,8,7.5,,,23.5
20201700962,12,0.5,1.5,14,,0.5,28.5
20201701101,11,,3,0,,,14
20201700138,,,,0,,,0
20201701154,7,,0,6.5,,,13.5
20201700557,11,,8,0,,,19
20201700049,9,,4.5,0,,,13.5
20201700723,3,,2,5,,1.5,11.5
20201700831,5,,4,12.5,,1.5,23
20201700145,6,,1,0,,,7
20201701158,6,,2,,,,8
20201700016,7,,3,0,,,10
20201700734,4,0.5,4,9,,,17.5
20201700679,4,0.5,1,10,,,15.5
20201700667,5,,4.5,2.5,,,12
20201700885,7,,4,10.5,,1.5,23
20201700744,14,0.5,6,10,,,30.5
20201701012,6,,3.5,15,,,24.5
20201700969,9,,7,10,,1.5,27.5
20201700631,15,,7.5,0,,,22.5
20201701155,7,0.5,7,11,,,25.5
20201700695,9,,6.5,5,,1.5,22
20201700722,2,,1.5,0,,,3.5
20201700916,11,0.5,7,9,,,27.5
20201700427,,,1,9,,,10
20201700770,9,,5,13,,1.5,28.5
20201700853,13,,5,9,,1.5,28.5
20201700846,8,0.5,6.5,10,,,25
20201700416,8,0.5,6,0,,,14.5
20201700759,1,,9.5,14,,,24.5
20201700784,13,,6,9,,,28
20201700046,13,0.75,9,10,,,32.75
20201700074,8,,3.5,2.5,,,14
20201700368,7,,6,10,,1.5,24.5
20201701016,14,,7,14,,,35
20201700571,13,0.5,1,10,,,24.5
20201700822,11,,3,11.5,0.5,,26
20201700316,7,,5,2.5,,,14.5
20201700301,7,0.75,5,10,,,22.75
20201700139,15,0.5,2.5,5,,,23
20201700239,13,,8.5,10,,1.5,33
20201700786,9,0.5,10,5,,,24.5
20201700238,3,,3.5,5,,,11.5
20201701126,11,,6,0,,,17
20201700942,14,,9,14,,,37
20201700346,14,0.75,4.5,12.5,,,31.75
20201701159,9,,7.5,10.5,,,27
20201700114,8,,5,,,,13
20201701035,15,,9.5,15,,,39.5
20201700174,14,,1,5,,,20
20201700611,8,0.5,3,12.5,0.5,,24.5
20201700308,15,,6.5,2.5,,,24
20201700372,14,,7.5,9,,,30.5
20201700048,7,0.25,2,0,,,9.25
20201700275,14,,4,0,,,18
20201700392,7,0.5,8,10,,0.5,26
20201700518,9,0.5,8.5,5,,1.5,24.5
20201700772,11,,6.5,12,,1.5,31
20201700987,13,,5.5,7.5,,,26
20201700127,9,0.5,0,0,,,9.5
20201700686,13,0.5,6.5,10,,,30
20201700798,11,,4,14,,,29
20201701235,15,0.5,7.5,15,,,38
20201700710,7,,7.5,,,,14.5
20201700872,7,,5,10,,,22
20201701119,11,,8.5,5,,,24.5
20201700106,8,0.25,6.5,2.5,,,17.25
20201700476,7,,,,,1.5,8.5
20201700709,9,0.5,5,15,,,29.5
20201700570,14,,0.5,10,,1.5,26
20201700207,15,,4.5,0,,,19.5
20201700633,6,0.5,5.5,5,1,,18
20201700340,16,,6,10,,1.5,33.5
20201700037,0,,,,,,0
20201700736,3,,3,0,,,6
20201700842,5,0.5,4.5,4,,,14
20201701177,9,,6,10,,,25
20201700184,15,,4.5,5,,,24.5
20201700600,2,,5,0,,,7
20201700979,12,,4,14,,,30
20201700495,10,,5.5,0,,1.5,17
20201700943,11,,4.5,2.5,,,18
20201700135,3,0.5,5,0,0.5,,9
20201700251,5,0.5,4,5,,,14.5
20201700525,8,,3.5,0,,,11.5
20201701189,12,0.5,3.5,5,,,21
20201700778,6,,4.5,0,,,10.5
20201700247,7,0.5,4.5,7.5,,,19.5
20201700564,3,0.5,5,7.5,,,16
20201700064,13,,7,5,,,25
20201700370,11,0.5,9.5,10,0.5,,31.5
20201701084,14,,3.5,10,,1.5,29
20201700718,8,0.5,5.5,2.5,,,16.5
20201700914,8,0.5,8.5,15,,1.5,33.5
20201700691,7,,5,0,,1.5,13.5
20201700290,5,0.5,5,5,,,15.5
20201700949,12,,7,5,,,24
20201700479,9,0.5,4.5,5,,1.5,20.5
20201701249,14,,8.5,15,,,37.5
20201700574,5,,4.5,0,,,9.5
20201700956,6,0.5,3,0,,,9.5
20201700702,8,,9.5,12.5,,1.5,31.5
20201700565,16,,5.5,0,,,21.5
20201701172,3,,2.5,5,,,10.5
20201701098,12,,,15,1.5,1.5,30
20201700780,7,,7.5,0,,,14.5
20201700131,4,0.5,7,2.5,,,14
20201700035,4,0.5,1.5,,,,6
20201700003,8,0.5,4,0,,0.5,13
20201701097,15,,9,10,,1,35
20201700143,16,,10,5,,,31
20201700713,4,0.5,2,9,,,15.5
20201700981,13,0.5,8,9,,,30.5
20201700352,14,,5,10,,,29
20201700164,11,0.75,8.5,,,,20.25
20201700756,14,,4.5,7.5,,1.5,27.5
20201700514,5,,,5,,,10
20201700910,10,0.5,7,15,,1.5,34
20201700230,16,,2.5,15,,,33.5
20201700945,11,,7,15,,,33
20201701065,9,,5,0,0.5,,14.5
20201700337,12,0.5,2.5,15,,,30
20201701040,14,,7.5,15,,,36.5
20201701075,2,0.25,2,5,,,9.25
20201700155,10,0.5,3.5,0,,,14
20201701005,14,,5.5,10,0.5,,30
20201700609,7,0.5,6,0,,,13.5
20201700818,11,,8.5,13,,,32.5
20201700963,11,,4,10,,,25
20201701261,13,,3,2.5,,,18.5
20201700801,12,0.5,9,10,,,31.5
20201700269,13,0.75,7,10,,,30.75
20201700281,16,,9,0,,,25
20201700182,9,,5,0,,,14
20201701153,13,,8.5,14,,,35.5
20201700588,6,0.5,7,5,,,18.5
20201700754,11,0.5,9.5,10,,1.5,32.5
20201701205,10,,7.5,9,,,26.5
20201700681,9,,5,10,,,24
20201700449,6,0.5,8,2.5,,1.5,18.5
20201700100,15,0.5,5.5,5,1,,27
20201701250,0,,3,5,,1.5,9.5
20201700967,3,,5,14,,,22
20201700860,2,,4,8,,,14
20201700282,10,,3.5,0,,1.5,15
20201700187,4,,2,0,,,6
20201700620,10,,8.5,0,,,18.5
20201700879,13,0.5,9,5,,,27.5
20201700082,10,,4,10,,1.5,25.5
20201700109,13,,2,0,,,15
20201700504,13,,9.5,10,,,32.5
20201701233,5,,3.5,9,,,17.5
20201700438,6,,5,1.5,,,12.5
20201700938,11,0.5,6,9,,,26.5
20201700173,6,0.75,4,2,,0.5,13.25
20201700635,13,,6.5,0,,,19.5
20201701080,6,,9.5,5,,,20.5
20201700541,10,,7.5,10,,,27.5
20201700345,10,,3,2.5,,,15.5
20201700172,14,0.5,5,10,,1.5,31
20201700023,16,,10,15,2.75,0.5,44.25
20201700188,3,,2,15,,,20
20201700198,8,,3.5,10,,,21.5
20201700400,2,,5.5,5,,,12.5
20201700144,15,,5,0,,,20
20201700889,15,,8,9,,,32
20201700819,8,,10,9,,,27
20201700605,7,,6,10,,1.5,24.5
20201701061,4,,9,2.5,,,15.5
20201700057,16,,5.5,0,,,21.5
20201700648,9,0.5,7,10,1,,27.5
20201700958,14,,6,15,,,35
20201700359,13,,6.5,9,,0.5,29
20201700259,15,,8,10,,,33
20201700060,,,5.5,10,0.5,,16
20201700096,10,0.5,6,5,1,1.5,24
20201700170,6,0.5,4,2.5,,,13
20201700757,5,0.5,7,0,,,12.5
20201701008,14,,4,10,,1.5,29.5
20201700373,12,0.5,4,5,,,21.5
20201700147,9,,3,5,,,17
20201700201,16,,4,0,,0.5,20.5
20201700590,14,,10,5,,1.5,30.5
20201700603,10,0.5,4.5,10,,,25
20201700602,12,,6.5,10,,,28.5
20201700480,8,,2,5,,,15
20201700957,12,0.5,5,15,,,32.5
20201700919,12,,5,10,,,27
20201700851,11,0.5,6.5,14,,,32
20201700881,13,0.5,8,5,,,26.5
20201700314,15,,9.5,5,,,29.5
20201700350,5,0.5,5,15,,,25.5
20201700711,14,,9,0,,1.5,24.5
20201700901,14,,10,15,,1.5,40.5
20201700202,13,,4,5,,,22
20201700923,13,0.5,7,9,,,29.5
20201700498,13,,8,15,,1.5,37.5
20201700377,11,0.5,7,10,,,28.5
20201700783,11,,5.5,10,,,26.5
20201700033,2,,6,0,0.5,,8.5
20201700575,8,0.5,5.5,5,,,19
20201700582,10,,6.5,5,,,21.5
20201700379,16,,8,15,,,39
20201700154,,,,,,,0
20201700137,14,,4,12.5,,,30.5
20201700297,10,0.5,3.5,0,,,14
20201700156,9,,3,0,,1.5,13.5
20201700540,13,,5,10,,,28
20201700407,14,,6,5,,,25
20201700864,6,,6,0,,,12
20201700807,14,,5,2.5,,,21.5
20201700134,13,0.75,7,10,1.5,1.5,33.75
20201700908,16,,2,10.5,,1.5,30
20201700473,12,0.75,10,15,,1.5,39.25
20201700569,13,,3,5,0.5,0.5,22
20201700646,11,0.5,5,15,,,31.5
20201700624,6,,6.5,10,0.5,0.5,23.5
20201700532,8,,5,10,0.5,,23.5
20201700293,10,,6.5,10,,0.5,27
20201701212,15,,4,10,,,29
20201700406,12,,3,5,,1.5,21.5
20201700133,9,0.5,7,5,,,21.5
20201700268,14,0.75,5.5,10,,1.5,31.75
20201700931,13,,10,10,,,33
20201700235,15,,4.5,5,,,24.5
20201700362,16,,8.5,14,,1.5,40
20201700185,15,,5,0,0.5,0.5,21
20201700006,13,,5,15,0.5,1,34.5
20201700671,5,,4,0,,,9
20201700572,7,0.5,7,0,,,14.5
20201700128,13,,9.5,5,,1.5,29
20201700954,14,,10,10,,,34
20201700828,11,,6.5,6.5,,,24
20201700693,13,,6.5,13,,,32.5
20201700781,15,,8.5,15,,,38.5
20201701257,9,,4,0,,,13
20201700928,14,,10,10,0.5,,34.5
20201700887,3,,7,9.5,,1.5,21
20201700882,6,,1,10,,1.5,18.5
20201700939,10,,4.5,0,,,14.5
20201700399,14,0.5,8.5,10,,1.5,34.5
20201700005,6,,6,0,,0.5,12.5
20201700325,2,0.25,4.5,5,,,11.75
20201700568,13,0.5,8,5,1,,27.5
20201701240,14,,4,14,,,32
20201700208,9,0.75,2.5,0,,,12.25
20201700298,6,0.5,10,10,,,26.5
20201700043,2,0.75,3.5,5,0.5,1.5,13.25
20201700617,13,0.5,8.5,5,,1.5,28.5
20201700843,5,0.5,5,2.5,,,13
20201700205,13,,2,0,,,15
20201700973,13,,6,9,,,28
20201700303,10,,4,0,,,14
20201700055,11,0.5,5,15,,,31.5
20201700796,10,0.5,7,12.5,,,30
20201700270,13,0.5,5.5,10,,,29
20201700260,15,0.5,4,15,,1.5,36
20201700791,11,,4.5,15,,,30.5
20201700189,0,0.75,1,0,,,1.75
20201700941,7,0.5,6.5,10,,,24
20201700937,13,0.5,2,8,,,23.5
20201701069,10,0.5,7,10,,0.5,28
20201700341,15,0.5,6,15,,,36.5
20201700959,14,,8,15,,,37
20201700243,10,0.5,4,10,,1.5,26
20201700821,14,,9,15,0.5,1.5,40
20201700111,11,,6.5,15,,,32.5
20201700810,13,0.5,8.5,15,,,37
20201700921,13,0.5,5.5,10.5,0.5,,30
20201701031,13,,4,6.5,,1.5,25
20201700918,13,,8,15,,1.5,37.5
20201700264,9,,3,15,,1.5,28.5
20201700493,8,,9,0,,,17
20201700685,,,,,,,0
20201700088,7,0.5,4,2.5,,,14
20201700412,16,,9,15,,,40
20201700911,8,,6.5,6.5,,1.5,22.5
20201700975,15,,3.5,5,,,23.5
20201701013,13,,3,6.5,,,22.5
20201701122,9,,3.5,15,,1.5,29
20201701137,12,0.5,7.5,15,,1.5,36.5
20201701124,7,,7,13,0.5,1.5,29
20201701090,,,,,,,0
20201701045,2,0.5,4,0,,,6.5
20201700980,14,,6,5,,1.5,26.5
20201701108,10,,7,10,,1.5,28.5
20201701050,3,0.5,9,0,,1.5,14
20201701088,12,0.75,8,5,,0.5,26.25
20201701133,15,,8.5,15,,,38.5
20201701110,4,0.5,3.5,5,,,13
20201701142,12,0.5,10,10,,,32.5
20201701121,10,0.5,7,10,,,27.5
20201701128,15,,7,8,,,30
20201701109,13,0.5,7.5,10,,,31
20191700909,12,,2,14,,,28
20191700875,7,0.5,6,0,0.5,,14
20191700873,4,0.25,7,0,,,11.25
20191700871,11,,4,10,,,25
20201700996,12,,5.5,0,,1.5,19
20201701143,7,0.5,2,9,,,18.5
20201701241,3,0.75,5,0,0.5,,9.25
20201701048,9,0.75,8,0,3,,20.75
20201701253,9,,9,10,0.5,,28.5
20201701188,9,0.5,8,12.5,,1.5,31.5
20201701112,12,,5,10,,1.5,28.5
20201701057,10,,5.5,15,,,30.5
20191700911,9,0.5,6,10,,,25.5
20191700899,8,0.5,9,12.5,,1.5,31.5
20191700890,6,0.5,4,0,,1.5,12
20191700884,6,0.5,6,12.5,,,25
20191700900,4,0.5,5,5,,,14.5
20191700913,4,0.5,,10,,,14.5
20191700866,7,0.5,8,5,,,20.5
20191700869,9,,3.5,0,,,12.5
20201701144,14,,8.5,15,,,37.5
20201701076,4,,9,10,,,23
20191700864,6,,7,0,,,13
20191700903,8,,2,5,,,15
20201701095,15,,5,0,,,20
20201701067,10,,3,0,,,13
20201701062,14,0.5,7,9,,1.5,32
20191700889,14,0.5,9,0,,0.5,24
20201701060,7,,,0,,,7
20201701028,11,,7,14,,,32
20201701138,,,,,,,0
20201701186,10,0.5,4.5,0,,1.5,16.5
20201701092,1,0.25,5.5,0,,,6.75
20201701117,3,,6,5,,,14
20191700894,6,,8,10,,,24
20191700896,5,0.5,8.5,15,,,29
20191700897,7,0.5,6,2.5,,,16
20201701064,6,,4.5,10,,,20.5
20201701066,8,0.25,4.5,0,,1.5,14.25
20201701071,2,0.5,4.5,0,,1.5,8.5
20201701145,8,,7,0,,,15
20191700893,2,0.5,7.5,,,,10
20201701081,11,0.5,4.5,5,,,21
20191700886,9,,5.5,5.5,2,,22
20201701116,9,0.5,6.5,10,,0.5,26.5
20201701229,10,,4.5,5,,,19.5
20201701072,4,,3.5,0,,,7.5
20201701078,15,0.5,5,0,,,20.5
20201701184,8,0.75,7.5,10,,,26.25
20201701193,,,,,,,0
20201701085,15,,7,0,,,22
20201701169,12,0.5,3,5,,,20.5
20201701213,13,,3.5,14,0.5,1.5,32.5
20201701136,13,,5,14.5,,,32.5
20201701180,7,,3.5,2.5,,,13
20201701166,7,0.75,3.5,2.5,,,13.75
20201701068,,,,,,,0
20201701111,14,,5,10,,,29
20201701173,11,,8,9,,1.5,29.5
20201701174,3,,6,0,,,9
20201701232,11,,9,5,,,25
20201701206,14,0.5,3.5,12.5,,,30.5
20201701190,13,,3.5,7.5,,,24
20201700971,4,,7,11.5,,,22.5
20201701234,16,,7,10,,,33
20201701204,16,,7,15,,,38
20201701195,16,,5,10,,,31
20201700873,9,,8,15,0.5,,32.5
20201701244,,,,,,,0
20201701131,2,,4,,,,6
20201701165,5,0.5,5.5,5,,0.5,16.5
20201701077,15,0.5,9.5,15,,,40
20201700982,14,,3,10,,,27
20201701245,14,,5,12,,,31
20201701200,0,0.25,2.5,0,,,2.75
20201701247,16,,10,5,,,31
20201701236,6,0.5,3.5,0,,0.5,10.5
20201701221,2,,6.5,10,,,18.5
20201701130,12,,7,11.5,,,30.5
20201700978,8,,,0,,,8
20201701044,,,8,5,,1.5,14.5
20201700924,6,0.5,8.5,9,,,24
20201701207,10,,5,0,,,15
20201701274,2,0.5,1.5,10,,,14
20201701508,7,,9,13,,1.5,30.5
20191700813,3,0.5,6,5,,,14.5
